name,grade,sex,kor,eng,math,sinc,average,pass
철수,1,male,98,67.5,88.0,64.0,79.375,1
영희,2,female,88,90.0,62.0,72.0,78.0,1
민수,1,male,92,70.0,60.333333333333336,73.5,73.95833333333334,0
수현,3,female,63,60.0,31.0,70.0,56.0,0
호영,4,male,120,50.0,60.333333333333336,88.0,79.58333333333334,1
